Node Name,Output Tensor Name,Output Tensor Size
Shape_3,644,"(4,)"
input_Conv_6_QuantizeLinear,input_quantized,"(1, 3, 224, 224)"
1024_DequantizeLinear,1024_dequantized,"(64, 3, 7, 7)"
1025_DequantizeLinear,1025_dequantized,"(64,)"
1036_DequantizeLinear,1036_dequantized,"(256, 64, 1, 1)"
1037_DequantizeLinear,1037_dequantized,"(256,)"
1027_DequantizeLinear,1027_dequantized,"(64, 64, 1, 1)"
1028_DequantizeLinear,1028_dequantized,"(64,)"
1030_DequantizeLinear,1030_dequantized,"(64, 64, 3, 3)"
1031_DequantizeLinear,1031_dequantized,"(64,)"
1033_DequantizeLinear,1033_dequantized,"(256, 64, 1, 1)"
1034_DequantizeLinear,1034_dequantized,"(256,)"
1039_DequantizeLinear,1039_dequantized,"(64, 256, 1, 1)"
1040_DequantizeLinear,1040_dequantized,"(64,)"
1042_DequantizeLinear,1042_dequantized,"(64, 64, 3, 3)"
1043_DequantizeLinear,1043_dequantized,"(64,)"
1045_DequantizeLinear,1045_dequantized,"(256, 64, 1, 1)"
1046_DequantizeLinear,1046_dequantized,"(256,)"
1048_DequantizeLinear,1048_dequantized,"(64, 256, 1, 1)"
1049_DequantizeLinear,1049_dequantized,"(64,)"
1051_DequantizeLinear,1051_dequantized,"(64, 64, 3, 3)"
1052_DequantizeLinear,1052_dequantized,"(64,)"
1054_DequantizeLinear,1054_dequantized,"(256, 64, 1, 1)"
1055_DequantizeLinear,1055_dequantized,"(256,)"
1066_DequantizeLinear,1066_dequantized,"(512, 256, 1, 1)"
1067_DequantizeLinear,1067_dequantized,"(512,)"
1057_DequantizeLinear,1057_dequantized,"(128, 256, 1, 1)"
1058_DequantizeLinear,1058_dequantized,"(128,)"
1060_DequantizeLinear,1060_dequantized,"(128, 128, 3, 3)"
1061_DequantizeLinear,1061_dequantized,"(128,)"
1063_DequantizeLinear,1063_dequantized,"(512, 128, 1, 1)"
1064_DequantizeLinear,1064_dequantized,"(512,)"
1069_DequantizeLinear,1069_dequantized,"(128, 512, 1, 1)"
1070_DequantizeLinear,1070_dequantized,"(128,)"
1072_DequantizeLinear,1072_dequantized,"(128, 128, 3, 3)"
1073_DequantizeLinear,1073_dequantized,"(128,)"
1075_DequantizeLinear,1075_dequantized,"(512, 128, 1, 1)"
1076_DequantizeLinear,1076_dequantized,"(512,)"
1078_DequantizeLinear,1078_dequantized,"(128, 512, 1, 1)"
1079_DequantizeLinear,1079_dequantized,"(128,)"
1081_DequantizeLinear,1081_dequantized,"(128, 128, 3, 3)"
1082_DequantizeLinear,1082_dequantized,"(128,)"
1084_DequantizeLinear,1084_dequantized,"(512, 128, 1, 1)"
1085_DequantizeLinear,1085_dequantized,"(512,)"
1087_DequantizeLinear,1087_dequantized,"(128, 512, 1, 1)"
1088_DequantizeLinear,1088_dequantized,"(128,)"
1090_DequantizeLinear,1090_dequantized,"(128, 128, 3, 3)"
1091_DequantizeLinear,1091_dequantized,"(128,)"
1093_DequantizeLinear,1093_dequantized,"(512, 128, 1, 1)"
1094_DequantizeLinear,1094_dequantized,"(512,)"
1105_DequantizeLinear,1105_dequantized,"(1024, 512, 1, 1)"
1106_DequantizeLinear,1106_dequantized,"(1024,)"
1096_DequantizeLinear,1096_dequantized,"(256, 512, 1, 1)"
1097_DequantizeLinear,1097_dequantized,"(256,)"
1099_DequantizeLinear,1099_dequantized,"(256, 256, 3, 3)"
1100_DequantizeLinear,1100_dequantized,"(256,)"
1102_DequantizeLinear,1102_dequantized,"(1024, 256, 1, 1)"
1103_DequantizeLinear,1103_dequantized,"(1024,)"
1108_DequantizeLinear,1108_dequantized,"(256, 1024, 1, 1)"
1109_DequantizeLinear,1109_dequantized,"(256,)"
1111_DequantizeLinear,1111_dequantized,"(256, 256, 3, 3)"
1112_DequantizeLinear,1112_dequantized,"(256,)"
1114_DequantizeLinear,1114_dequantized,"(1024, 256, 1, 1)"
1115_DequantizeLinear,1115_dequantized,"(1024,)"
1117_DequantizeLinear,1117_dequantized,"(256, 1024, 1, 1)"
1118_DequantizeLinear,1118_dequantized,"(256,)"
1120_DequantizeLinear,1120_dequantized,"(256, 256, 3, 3)"
1121_DequantizeLinear,1121_dequantized,"(256,)"
1123_DequantizeLinear,1123_dequantized,"(1024, 256, 1, 1)"
1124_DequantizeLinear,1124_dequantized,"(1024,)"
1126_DequantizeLinear,1126_dequantized,"(256, 1024, 1, 1)"
1127_DequantizeLinear,1127_dequantized,"(256,)"
1129_DequantizeLinear,1129_dequantized,"(256, 256, 3, 3)"
1130_DequantizeLinear,1130_dequantized,"(256,)"
1132_DequantizeLinear,1132_dequantized,"(1024, 256, 1, 1)"
1133_DequantizeLinear,1133_dequantized,"(1024,)"
1135_DequantizeLinear,1135_dequantized,"(256, 1024, 1, 1)"
1136_DequantizeLinear,1136_dequantized,"(256,)"
1138_DequantizeLinear,1138_dequantized,"(256, 256, 3, 3)"
1139_DequantizeLinear,1139_dequantized,"(256,)"
1141_DequantizeLinear,1141_dequantized,"(1024, 256, 1, 1)"
1142_DequantizeLinear,1142_dequantized,"(1024,)"
1144_DequantizeLinear,1144_dequantized,"(256, 1024, 1, 1)"
1145_DequantizeLinear,1145_dequantized,"(256,)"
1147_DequantizeLinear,1147_dequantized,"(256, 256, 3, 3)"
1148_DequantizeLinear,1148_dequantized,"(256,)"
1150_DequantizeLinear,1150_dequantized,"(1024, 256, 1, 1)"
1151_DequantizeLinear,1151_dequantized,"(1024,)"
1153_DequantizeLinear,1153_dequantized,"(256, 1024, 1, 1)"
1154_DequantizeLinear,1154_dequantized,"(256,)"
1156_DequantizeLinear,1156_dequantized,"(256, 256, 3, 3)"
1157_DequantizeLinear,1157_dequantized,"(256,)"
1159_DequantizeLinear,1159_dequantized,"(1024, 256, 1, 1)"
1160_DequantizeLinear,1160_dequantized,"(1024,)"
1162_DequantizeLinear,1162_dequantized,"(256, 1024, 1, 1)"
1163_DequantizeLinear,1163_dequantized,"(256,)"
1165_DequantizeLinear,1165_dequantized,"(256, 256, 3, 3)"
1166_DequantizeLinear,1166_dequantized,"(256,)"
1168_DequantizeLinear,1168_dequantized,"(1024, 256, 1, 1)"
1169_DequantizeLinear,1169_dequantized,"(1024,)"
1171_DequantizeLinear,1171_dequantized,"(256, 1024, 1, 1)"
1172_DequantizeLinear,1172_dequantized,"(256,)"
1174_DequantizeLinear,1174_dequantized,"(256, 256, 3, 3)"
1175_DequantizeLinear,1175_dequantized,"(256,)"
1177_DequantizeLinear,1177_dequantized,"(1024, 256, 1, 1)"
1178_DequantizeLinear,1178_dequantized,"(1024,)"
1180_DequantizeLinear,1180_dequantized,"(256, 1024, 1, 1)"
1181_DequantizeLinear,1181_dequantized,"(256,)"
1183_DequantizeLinear,1183_dequantized,"(256, 256, 3, 3)"
1184_DequantizeLinear,1184_dequantized,"(256,)"
1186_DequantizeLinear,1186_dequantized,"(1024, 256, 1, 1)"
1187_DequantizeLinear,1187_dequantized,"(1024,)"
1189_DequantizeLinear,1189_dequantized,"(256, 1024, 1, 1)"
1190_DequantizeLinear,1190_dequantized,"(256,)"
1192_DequantizeLinear,1192_dequantized,"(256, 256, 3, 3)"
1193_DequantizeLinear,1193_dequantized,"(256,)"
1195_DequantizeLinear,1195_dequantized,"(1024, 256, 1, 1)"
1196_DequantizeLinear,1196_dequantized,"(1024,)"
1198_DequantizeLinear,1198_dequantized,"(256, 1024, 1, 1)"
1199_DequantizeLinear,1199_dequantized,"(256,)"
1201_DequantizeLinear,1201_dequantized,"(256, 256, 3, 3)"
1202_DequantizeLinear,1202_dequantized,"(256,)"
1204_DequantizeLinear,1204_dequantized,"(1024, 256, 1, 1)"
1205_DequantizeLinear,1205_dequantized,"(1024,)"
1207_DequantizeLinear,1207_dequantized,"(256, 1024, 1, 1)"
1208_DequantizeLinear,1208_dequantized,"(256,)"
1210_DequantizeLinear,1210_dequantized,"(256, 256, 3, 3)"
1211_DequantizeLinear,1211_dequantized,"(256,)"
1213_DequantizeLinear,1213_dequantized,"(1024, 256, 1, 1)"
1214_DequantizeLinear,1214_dequantized,"(1024,)"
1216_DequantizeLinear,1216_dequantized,"(256, 1024, 1, 1)"
1217_DequantizeLinear,1217_dequantized,"(256,)"
1219_DequantizeLinear,1219_dequantized,"(256, 256, 3, 3)"
1220_DequantizeLinear,1220_dequantized,"(256,)"
1222_DequantizeLinear,1222_dequantized,"(1024, 256, 1, 1)"
1223_DequantizeLinear,1223_dequantized,"(1024,)"
1225_DequantizeLinear,1225_dequantized,"(256, 1024, 1, 1)"
1226_DequantizeLinear,1226_dequantized,"(256,)"
1228_DequantizeLinear,1228_dequantized,"(256, 256, 3, 3)"
1229_DequantizeLinear,1229_dequantized,"(256,)"
1231_DequantizeLinear,1231_dequantized,"(1024, 256, 1, 1)"
1232_DequantizeLinear,1232_dequantized,"(1024,)"
1234_DequantizeLinear,1234_dequantized,"(256, 1024, 1, 1)"
1235_DequantizeLinear,1235_dequantized,"(256,)"
1237_DequantizeLinear,1237_dequantized,"(256, 256, 3, 3)"
1238_DequantizeLinear,1238_dequantized,"(256,)"
1240_DequantizeLinear,1240_dequantized,"(1024, 256, 1, 1)"
1241_DequantizeLinear,1241_dequantized,"(1024,)"
1243_DequantizeLinear,1243_dequantized,"(256, 1024, 1, 1)"
1244_DequantizeLinear,1244_dequantized,"(256,)"
1246_DequantizeLinear,1246_dequantized,"(256, 256, 3, 3)"
1247_DequantizeLinear,1247_dequantized,"(256,)"
1249_DequantizeLinear,1249_dequantized,"(1024, 256, 1, 1)"
1250_DequantizeLinear,1250_dequantized,"(1024,)"
1252_DequantizeLinear,1252_dequantized,"(256, 1024, 1, 1)"
1253_DequantizeLinear,1253_dequantized,"(256,)"
1255_DequantizeLinear,1255_dequantized,"(256, 256, 3, 3)"
1256_DequantizeLinear,1256_dequantized,"(256,)"
1258_DequantizeLinear,1258_dequantized,"(1024, 256, 1, 1)"
1259_DequantizeLinear,1259_dequantized,"(1024,)"
1261_DequantizeLinear,1261_dequantized,"(256, 1024, 1, 1)"
1262_DequantizeLinear,1262_dequantized,"(256,)"
1264_DequantizeLinear,1264_dequantized,"(256, 256, 3, 3)"
1265_DequantizeLinear,1265_dequantized,"(256,)"
1267_DequantizeLinear,1267_dequantized,"(1024, 256, 1, 1)"
1268_DequantizeLinear,1268_dequantized,"(1024,)"
1270_DequantizeLinear,1270_dequantized,"(256, 1024, 1, 1)"
1271_DequantizeLinear,1271_dequantized,"(256,)"
1273_DequantizeLinear,1273_dequantized,"(256, 256, 3, 3)"
1274_DequantizeLinear,1274_dequantized,"(256,)"
1276_DequantizeLinear,1276_dequantized,"(1024, 256, 1, 1)"
1277_DequantizeLinear,1277_dequantized,"(1024,)"
1279_DequantizeLinear,1279_dequantized,"(256, 1024, 1, 1)"
1280_DequantizeLinear,1280_dequantized,"(256,)"
1282_DequantizeLinear,1282_dequantized,"(256, 256, 3, 3)"
1283_DequantizeLinear,1283_dequantized,"(256,)"
1285_DequantizeLinear,1285_dequantized,"(1024, 256, 1, 1)"
1286_DequantizeLinear,1286_dequantized,"(1024,)"
1288_DequantizeLinear,1288_dequantized,"(256, 1024, 1, 1)"
1289_DequantizeLinear,1289_dequantized,"(256,)"
1291_DequantizeLinear,1291_dequantized,"(256, 256, 3, 3)"
1292_DequantizeLinear,1292_dequantized,"(256,)"
1294_DequantizeLinear,1294_dequantized,"(1024, 256, 1, 1)"
1295_DequantizeLinear,1295_dequantized,"(1024,)"
1297_DequantizeLinear,1297_dequantized,"(256, 1024, 1, 1)"
1298_DequantizeLinear,1298_dequantized,"(256,)"
1300_DequantizeLinear,1300_dequantized,"(256, 256, 3, 3)"
1301_DequantizeLinear,1301_dequantized,"(256,)"
1303_DequantizeLinear,1303_dequantized,"(1024, 256, 1, 1)"
1304_DequantizeLinear,1304_dequantized,"(1024,)"
1315_DequantizeLinear,1315_dequantized,"(2048, 1024, 1, 1)"
1316_DequantizeLinear,1316_dequantized,"(2048,)"
1306_DequantizeLinear,1306_dequantized,"(512, 1024, 1, 1)"
1307_DequantizeLinear,1307_dequantized,"(512,)"
1309_DequantizeLinear,1309_dequantized,"(512, 512, 3, 3)"
1310_DequantizeLinear,1310_dequantized,"(512,)"
1312_DequantizeLinear,1312_dequantized,"(2048, 512, 1, 1)"
1313_DequantizeLinear,1313_dequantized,"(2048,)"
1318_DequantizeLinear,1318_dequantized,"(512, 2048, 1, 1)"
1319_DequantizeLinear,1319_dequantized,"(512,)"
1321_DequantizeLinear,1321_dequantized,"(512, 512, 3, 3)"
1322_DequantizeLinear,1322_dequantized,"(512,)"
1324_DequantizeLinear,1324_dequantized,"(2048, 512, 1, 1)"
1325_DequantizeLinear,1325_dequantized,"(2048,)"
1327_DequantizeLinear,1327_dequantized,"(512, 2048, 1, 1)"
1328_DequantizeLinear,1328_dequantized,"(512,)"
1330_DequantizeLinear,1330_dequantized,"(512, 512, 3, 3)"
1331_DequantizeLinear,1331_dequantized,"(512,)"
1333_DequantizeLinear,1333_dequantized,"(2048, 512, 1, 1)"
1334_DequantizeLinear,1334_dequantized,"(2048,)"
1336_DequantizeLinear,1336_dequantized,"(512, 2048, 3, 3)"
1337_DequantizeLinear,1337_dequantized,"(512,)"
classifier.4.weight_DequantizeLinear,classifier.4.weight_dequantized,"(21, 512, 1, 1)"
classifier.4.bias_DequantizeLinear,classifier.4.bias_dequantized,"(21,)"
Gather_5,646,()
Gather_2,643,()
input_Conv_6_DequantizeLinear,input_dequantized,"(1, 3, 224, 224)"
Conv_6_quant,1023_QuantizeInput,"(1, 64, 112, 112)"
Unsqueeze_248,994,"(1,)"
Unsqueeze_247,993,"(1,)"
1023_Conv_6_QuantizeLinear,1023_quantized,"(1, 64, 112, 112)"
Concat_249,995,"(2,)"
1023_Conv_6_DequantizeLinear,1023,"(1, 64, 112, 112)"
MaxPool_8,650,"(1, 64, 56, 56)"
650_Conv_14_QuantizeLinear,650_Conv_14_QuantizeLinear,"(1, 64, 56, 56)"
650_Conv_14_DequantizeLinear,650_Conv_14_dequantized,"(1, 64, 56, 56)"
Conv_14_quant,1035_QuantizeInput,"(1, 256, 56, 56)"
Conv_9_quant,1026_QuantizeInput,"(1, 64, 56, 56)"
1035_Conv_14_QuantizeLinear,1035_quantized,"(1, 256, 56, 56)"
1026_Conv_9_QuantizeLinear,1026_quantized,"(1, 64, 56, 56)"
1035_Conv_14_DequantizeLinear,1035,"(1, 256, 56, 56)"
1026_Conv_11_DequantizeLinear,1026_Conv_11_dequantized,"(1, 64, 56, 56)"
Conv_11_quant,1029_QuantizeInput,"(1, 64, 56, 56)"
1029_Conv_11_QuantizeLinear,1029_quantized,"(1, 64, 56, 56)"
1029_Conv_13_DequantizeLinear,1029_Conv_13_dequantized,"(1, 64, 56, 56)"
Conv_13_quant,1032_QuantizeInput,"(1, 256, 56, 56)"
1032_Conv_13_QuantizeLinear,1032_quantized,"(1, 256, 56, 56)"
1032_Conv_13_DequantizeLinear,1032,"(1, 256, 56, 56)"
Add_15,661,"(1, 256, 56, 56)"
Relu_16,662,"(1, 256, 56, 56)"
662_Conv_17_QuantizeLinear,662_Conv_17_QuantizeLinear,"(1, 256, 56, 56)"
662_Conv_17_DequantizeLinear,662_Conv_17_dequantized,"(1, 256, 56, 56)"
Conv_17_quant,1038_QuantizeInput,"(1, 64, 56, 56)"
1038_Conv_17_QuantizeLinear,1038_quantized,"(1, 64, 56, 56)"
1038_Conv_19_DequantizeLinear,1038_Conv_19_dequantized,"(1, 64, 56, 56)"
Conv_19_quant,1041_QuantizeInput,"(1, 64, 56, 56)"
1041_Conv_19_QuantizeLinear,1041_quantized,"(1, 64, 56, 56)"
1041_Conv_21_DequantizeLinear,1041_Conv_21_dequantized,"(1, 64, 56, 56)"
Conv_21_quant,1044_QuantizeInput,"(1, 256, 56, 56)"
1044_Conv_21_QuantizeLinear,1044_quantized,"(1, 256, 56, 56)"
1044_Conv_21_DequantizeLinear,1044,"(1, 256, 56, 56)"
Add_22,671,"(1, 256, 56, 56)"
Relu_23,672,"(1, 256, 56, 56)"
672_Conv_24_QuantizeLinear,672_Conv_24_QuantizeLinear,"(1, 256, 56, 56)"
672_Conv_24_DequantizeLinear,672_Conv_24_dequantized,"(1, 256, 56, 56)"
Conv_24_quant,1047_QuantizeInput,"(1, 64, 56, 56)"
1047_Conv_24_QuantizeLinear,1047_quantized,"(1, 64, 56, 56)"
1047_Conv_26_DequantizeLinear,1047_Conv_26_dequantized,"(1, 64, 56, 56)"
Conv_26_quant,1050_QuantizeInput,"(1, 64, 56, 56)"
1050_Conv_26_QuantizeLinear,1050_quantized,"(1, 64, 56, 56)"
1050_Conv_28_DequantizeLinear,1050_Conv_28_dequantized,"(1, 64, 56, 56)"
Conv_28_quant,1053_QuantizeInput,"(1, 256, 56, 56)"
1053_Conv_28_QuantizeLinear,1053_quantized,"(1, 256, 56, 56)"
1053_Conv_28_DequantizeLinear,1053,"(1, 256, 56, 56)"
Add_29,681,"(1, 256, 56, 56)"
Relu_30,682,"(1, 256, 56, 56)"
682_Conv_36_QuantizeLinear,682_Conv_36_QuantizeLinear,"(1, 256, 56, 56)"
682_Conv_36_DequantizeLinear,682_Conv_36_dequantized,"(1, 256, 56, 56)"
Conv_36_quant,1065_QuantizeInput,"(1, 512, 28, 28)"
Conv_31_quant,1056_QuantizeInput,"(1, 128, 56, 56)"
1065_Conv_36_QuantizeLinear,1065_quantized,"(1, 512, 28, 28)"
1056_Conv_31_QuantizeLinear,1056_quantized,"(1, 128, 56, 56)"
1065_Conv_36_DequantizeLinear,1065,"(1, 512, 28, 28)"
1056_Conv_33_DequantizeLinear,1056_Conv_33_dequantized,"(1, 128, 56, 56)"
Conv_33_quant,1059_QuantizeInput,"(1, 128, 28, 28)"
1059_Conv_33_QuantizeLinear,1059_quantized,"(1, 128, 28, 28)"
1059_Conv_35_DequantizeLinear,1059_Conv_35_dequantized,"(1, 128, 28, 28)"
Conv_35_quant,1062_QuantizeInput,"(1, 512, 28, 28)"
1062_Conv_35_QuantizeLinear,1062_quantized,"(1, 512, 28, 28)"
1062_Conv_35_DequantizeLinear,1062,"(1, 512, 28, 28)"
Add_37,693,"(1, 512, 28, 28)"
Relu_38,694,"(1, 512, 28, 28)"
694_Conv_39_QuantizeLinear,694_Conv_39_QuantizeLinear,"(1, 512, 28, 28)"
694_Conv_39_DequantizeLinear,694_Conv_39_dequantized,"(1, 512, 28, 28)"
Conv_39_quant,1068_QuantizeInput,"(1, 128, 28, 28)"
1068_Conv_39_QuantizeLinear,1068_quantized,"(1, 128, 28, 28)"
1068_Conv_41_DequantizeLinear,1068_Conv_41_dequantized,"(1, 128, 28, 28)"
Conv_41_quant,1071_QuantizeInput,"(1, 128, 28, 28)"
1071_Conv_41_QuantizeLinear,1071_quantized,"(1, 128, 28, 28)"
1071_Conv_43_DequantizeLinear,1071_Conv_43_dequantized,"(1, 128, 28, 28)"
Conv_43_quant,1074_QuantizeInput,"(1, 512, 28, 28)"
1074_Conv_43_QuantizeLinear,1074_quantized,"(1, 512, 28, 28)"
1074_Conv_43_DequantizeLinear,1074,"(1, 512, 28, 28)"
Add_44,703,"(1, 512, 28, 28)"
Relu_45,704,"(1, 512, 28, 28)"
704_Conv_46_QuantizeLinear,704_Conv_46_QuantizeLinear,"(1, 512, 28, 28)"
704_Conv_46_DequantizeLinear,704_Conv_46_dequantized,"(1, 512, 28, 28)"
Conv_46_quant,1077_QuantizeInput,"(1, 128, 28, 28)"
1077_Conv_46_QuantizeLinear,1077_quantized,"(1, 128, 28, 28)"
1077_Conv_48_DequantizeLinear,1077_Conv_48_dequantized,"(1, 128, 28, 28)"
Conv_48_quant,1080_QuantizeInput,"(1, 128, 28, 28)"
1080_Conv_48_QuantizeLinear,1080_quantized,"(1, 128, 28, 28)"
1080_Conv_50_DequantizeLinear,1080_Conv_50_dequantized,"(1, 128, 28, 28)"
Conv_50_quant,1083_QuantizeInput,"(1, 512, 28, 28)"
1083_Conv_50_QuantizeLinear,1083_quantized,"(1, 512, 28, 28)"
1083_Conv_50_DequantizeLinear,1083,"(1, 512, 28, 28)"
Add_51,713,"(1, 512, 28, 28)"
Relu_52,714,"(1, 512, 28, 28)"
714_Conv_53_QuantizeLinear,714_Conv_53_QuantizeLinear,"(1, 512, 28, 28)"
714_Conv_53_DequantizeLinear,714_Conv_53_dequantized,"(1, 512, 28, 28)"
Conv_53_quant,1086_QuantizeInput,"(1, 128, 28, 28)"
1086_Conv_53_QuantizeLinear,1086_quantized,"(1, 128, 28, 28)"
1086_Conv_55_DequantizeLinear,1086_Conv_55_dequantized,"(1, 128, 28, 28)"
Conv_55_quant,1089_QuantizeInput,"(1, 128, 28, 28)"
1089_Conv_55_QuantizeLinear,1089_quantized,"(1, 128, 28, 28)"
1089_Conv_57_DequantizeLinear,1089_Conv_57_dequantized,"(1, 128, 28, 28)"
Conv_57_quant,1092_QuantizeInput,"(1, 512, 28, 28)"
1092_Conv_57_QuantizeLinear,1092_quantized,"(1, 512, 28, 28)"
1092_Conv_57_DequantizeLinear,1092,"(1, 512, 28, 28)"
Add_58,723,"(1, 512, 28, 28)"
Relu_59,724,"(1, 512, 28, 28)"
724_Conv_65_QuantizeLinear,724_Conv_65_QuantizeLinear,"(1, 512, 28, 28)"
724_Conv_65_DequantizeLinear,724_Conv_65_dequantized,"(1, 512, 28, 28)"
Conv_65_quant,1104_QuantizeInput,"(1, 1024, 28, 28)"
Conv_60_quant,1095_QuantizeInput,"(1, 256, 28, 28)"
1104_Conv_65_QuantizeLinear,1104_quantized,"(1, 1024, 28, 28)"
1095_Conv_60_QuantizeLinear,1095_quantized,"(1, 256, 28, 28)"
1104_Conv_65_DequantizeLinear,1104,"(1, 1024, 28, 28)"
1095_Conv_62_DequantizeLinear,1095_Conv_62_dequantized,"(1, 256, 28, 28)"
Conv_62_quant,1098_QuantizeInput,"(1, 256, 28, 28)"
1098_Conv_62_QuantizeLinear,1098_quantized,"(1, 256, 28, 28)"
1098_Conv_64_DequantizeLinear,1098_Conv_64_dequantized,"(1, 256, 28, 28)"
Conv_64_quant,1101_QuantizeInput,"(1, 1024, 28, 28)"
1101_Conv_64_QuantizeLinear,1101_quantized,"(1, 1024, 28, 28)"
1101_Conv_64_DequantizeLinear,1101,"(1, 1024, 28, 28)"
Add_66,735,"(1, 1024, 28, 28)"
Relu_67,736,"(1, 1024, 28, 28)"
736_Conv_68_QuantizeLinear,736_Conv_68_QuantizeLinear,"(1, 1024, 28, 28)"
736_Conv_68_DequantizeLinear,736_Conv_68_dequantized,"(1, 1024, 28, 28)"
Conv_68_quant,1107_QuantizeInput,"(1, 256, 28, 28)"
1107_Conv_68_QuantizeLinear,1107_quantized,"(1, 256, 28, 28)"
1107_Conv_70_DequantizeLinear,1107_Conv_70_dequantized,"(1, 256, 28, 28)"
Conv_70_quant,1110_QuantizeInput,"(1, 256, 28, 28)"
1110_Conv_70_QuantizeLinear,1110_quantized,"(1, 256, 28, 28)"
1110_Conv_72_DequantizeLinear,1110_Conv_72_dequantized,"(1, 256, 28, 28)"
Conv_72_quant,1113_QuantizeInput,"(1, 1024, 28, 28)"
1113_Conv_72_QuantizeLinear,1113_quantized,"(1, 1024, 28, 28)"
1113_Conv_72_DequantizeLinear,1113,"(1, 1024, 28, 28)"
Add_73,745,"(1, 1024, 28, 28)"
Relu_74,746,"(1, 1024, 28, 28)"
746_Conv_75_QuantizeLinear,746_Conv_75_QuantizeLinear,"(1, 1024, 28, 28)"
746_Conv_75_DequantizeLinear,746_Conv_75_dequantized,"(1, 1024, 28, 28)"
Conv_75_quant,1116_QuantizeInput,"(1, 256, 28, 28)"
1116_Conv_75_QuantizeLinear,1116_quantized,"(1, 256, 28, 28)"
1116_Conv_77_DequantizeLinear,1116_Conv_77_dequantized,"(1, 256, 28, 28)"
Conv_77_quant,1119_QuantizeInput,"(1, 256, 28, 28)"
1119_Conv_77_QuantizeLinear,1119_quantized,"(1, 256, 28, 28)"
1119_Conv_79_DequantizeLinear,1119_Conv_79_dequantized,"(1, 256, 28, 28)"
Conv_79_quant,1122_QuantizeInput,"(1, 1024, 28, 28)"
1122_Conv_79_QuantizeLinear,1122_quantized,"(1, 1024, 28, 28)"
1122_Conv_79_DequantizeLinear,1122,"(1, 1024, 28, 28)"
Add_80,755,"(1, 1024, 28, 28)"
Relu_81,756,"(1, 1024, 28, 28)"
756_Conv_82_QuantizeLinear,756_Conv_82_QuantizeLinear,"(1, 1024, 28, 28)"
756_Conv_82_DequantizeLinear,756_Conv_82_dequantized,"(1, 1024, 28, 28)"
Conv_82_quant,1125_QuantizeInput,"(1, 256, 28, 28)"
1125_Conv_82_QuantizeLinear,1125_quantized,"(1, 256, 28, 28)"
1125_Conv_84_DequantizeLinear,1125_Conv_84_dequantized,"(1, 256, 28, 28)"
Conv_84_quant,1128_QuantizeInput,"(1, 256, 28, 28)"
1128_Conv_84_QuantizeLinear,1128_quantized,"(1, 256, 28, 28)"
1128_Conv_86_DequantizeLinear,1128_Conv_86_dequantized,"(1, 256, 28, 28)"
Conv_86_quant,1131_QuantizeInput,"(1, 1024, 28, 28)"
1131_Conv_86_QuantizeLinear,1131_quantized,"(1, 1024, 28, 28)"
1131_Conv_86_DequantizeLinear,1131,"(1, 1024, 28, 28)"
Add_87,765,"(1, 1024, 28, 28)"
Relu_88,766,"(1, 1024, 28, 28)"
766_Conv_89_QuantizeLinear,766_Conv_89_QuantizeLinear,"(1, 1024, 28, 28)"
766_Conv_89_DequantizeLinear,766_Conv_89_dequantized,"(1, 1024, 28, 28)"
Conv_89_quant,1134_QuantizeInput,"(1, 256, 28, 28)"
1134_Conv_89_QuantizeLinear,1134_quantized,"(1, 256, 28, 28)"
1134_Conv_91_DequantizeLinear,1134_Conv_91_dequantized,"(1, 256, 28, 28)"
Conv_91_quant,1137_QuantizeInput,"(1, 256, 28, 28)"
1137_Conv_91_QuantizeLinear,1137_quantized,"(1, 256, 28, 28)"
1137_Conv_93_DequantizeLinear,1137_Conv_93_dequantized,"(1, 256, 28, 28)"
Conv_93_quant,1140_QuantizeInput,"(1, 1024, 28, 28)"
1140_Conv_93_QuantizeLinear,1140_quantized,"(1, 1024, 28, 28)"
1140_Conv_93_DequantizeLinear,1140,"(1, 1024, 28, 28)"
Add_94,775,"(1, 1024, 28, 28)"
Relu_95,776,"(1, 1024, 28, 28)"
776_Conv_96_QuantizeLinear,776_Conv_96_QuantizeLinear,"(1, 1024, 28, 28)"
776_Conv_96_DequantizeLinear,776_Conv_96_dequantized,"(1, 1024, 28, 28)"
Conv_96_quant,1143_QuantizeInput,"(1, 256, 28, 28)"
1143_Conv_96_QuantizeLinear,1143_quantized,"(1, 256, 28, 28)"
1143_Conv_98_DequantizeLinear,1143_Conv_98_dequantized,"(1, 256, 28, 28)"
Conv_98_quant,1146_QuantizeInput,"(1, 256, 28, 28)"
1146_Conv_98_QuantizeLinear,1146_quantized,"(1, 256, 28, 28)"
1146_Conv_100_DequantizeLinear,1146_Conv_100_dequantized,"(1, 256, 28, 28)"
Conv_100_quant,1149_QuantizeInput,"(1, 1024, 28, 28)"
1149_Conv_100_QuantizeLinear,1149_quantized,"(1, 1024, 28, 28)"
1149_Conv_100_DequantizeLinear,1149,"(1, 1024, 28, 28)"
Add_101,785,"(1, 1024, 28, 28)"
Relu_102,786,"(1, 1024, 28, 28)"
786_Conv_103_QuantizeLinear,786_Conv_103_QuantizeLinear,"(1, 1024, 28, 28)"
786_Conv_103_DequantizeLinear,786_Conv_103_dequantized,"(1, 1024, 28, 28)"
Conv_103_quant,1152_QuantizeInput,"(1, 256, 28, 28)"
1152_Conv_103_QuantizeLinear,1152_quantized,"(1, 256, 28, 28)"
1152_Conv_105_DequantizeLinear,1152_Conv_105_dequantized,"(1, 256, 28, 28)"
Conv_105_quant,1155_QuantizeInput,"(1, 256, 28, 28)"
1155_Conv_105_QuantizeLinear,1155_quantized,"(1, 256, 28, 28)"
1155_Conv_107_DequantizeLinear,1155_Conv_107_dequantized,"(1, 256, 28, 28)"
Conv_107_quant,1158_QuantizeInput,"(1, 1024, 28, 28)"
1158_Conv_107_QuantizeLinear,1158_quantized,"(1, 1024, 28, 28)"
1158_Conv_107_DequantizeLinear,1158,"(1, 1024, 28, 28)"
Add_108,795,"(1, 1024, 28, 28)"
Relu_109,796,"(1, 1024, 28, 28)"
796_Conv_110_QuantizeLinear,796_Conv_110_QuantizeLinear,"(1, 1024, 28, 28)"
796_Conv_110_DequantizeLinear,796_Conv_110_dequantized,"(1, 1024, 28, 28)"
Conv_110_quant,1161_QuantizeInput,"(1, 256, 28, 28)"
1161_Conv_110_QuantizeLinear,1161_quantized,"(1, 256, 28, 28)"
1161_Conv_112_DequantizeLinear,1161_Conv_112_dequantized,"(1, 256, 28, 28)"
Conv_112_quant,1164_QuantizeInput,"(1, 256, 28, 28)"
1164_Conv_112_QuantizeLinear,1164_quantized,"(1, 256, 28, 28)"
1164_Conv_114_DequantizeLinear,1164_Conv_114_dequantized,"(1, 256, 28, 28)"
Conv_114_quant,1167_QuantizeInput,"(1, 1024, 28, 28)"
1167_Conv_114_QuantizeLinear,1167_quantized,"(1, 1024, 28, 28)"
1167_Conv_114_DequantizeLinear,1167,"(1, 1024, 28, 28)"
Add_115,805,"(1, 1024, 28, 28)"
Relu_116,806,"(1, 1024, 28, 28)"
806_Conv_117_QuantizeLinear,806_Conv_117_QuantizeLinear,"(1, 1024, 28, 28)"
806_Conv_117_DequantizeLinear,806_Conv_117_dequantized,"(1, 1024, 28, 28)"
Conv_117_quant,1170_QuantizeInput,"(1, 256, 28, 28)"
1170_Conv_117_QuantizeLinear,1170_quantized,"(1, 256, 28, 28)"
1170_Conv_119_DequantizeLinear,1170_Conv_119_dequantized,"(1, 256, 28, 28)"
Conv_119_quant,1173_QuantizeInput,"(1, 256, 28, 28)"
1173_Conv_119_QuantizeLinear,1173_quantized,"(1, 256, 28, 28)"
1173_Conv_121_DequantizeLinear,1173_Conv_121_dequantized,"(1, 256, 28, 28)"
Conv_121_quant,1176_QuantizeInput,"(1, 1024, 28, 28)"
1176_Conv_121_QuantizeLinear,1176_quantized,"(1, 1024, 28, 28)"
1176_Conv_121_DequantizeLinear,1176,"(1, 1024, 28, 28)"
Add_122,815,"(1, 1024, 28, 28)"
Relu_123,816,"(1, 1024, 28, 28)"
816_Conv_124_QuantizeLinear,816_Conv_124_QuantizeLinear,"(1, 1024, 28, 28)"
816_Conv_124_DequantizeLinear,816_Conv_124_dequantized,"(1, 1024, 28, 28)"
Conv_124_quant,1179_QuantizeInput,"(1, 256, 28, 28)"
1179_Conv_124_QuantizeLinear,1179_quantized,"(1, 256, 28, 28)"
1179_Conv_126_DequantizeLinear,1179_Conv_126_dequantized,"(1, 256, 28, 28)"
Conv_126_quant,1182_QuantizeInput,"(1, 256, 28, 28)"
1182_Conv_126_QuantizeLinear,1182_quantized,"(1, 256, 28, 28)"
1182_Conv_128_DequantizeLinear,1182_Conv_128_dequantized,"(1, 256, 28, 28)"
Conv_128_quant,1185_QuantizeInput,"(1, 1024, 28, 28)"
1185_Conv_128_QuantizeLinear,1185_quantized,"(1, 1024, 28, 28)"
1185_Conv_128_DequantizeLinear,1185,"(1, 1024, 28, 28)"
Add_129,825,"(1, 1024, 28, 28)"
Relu_130,826,"(1, 1024, 28, 28)"
826_Conv_131_QuantizeLinear,826_Conv_131_QuantizeLinear,"(1, 1024, 28, 28)"
826_Conv_131_DequantizeLinear,826_Conv_131_dequantized,"(1, 1024, 28, 28)"
Conv_131_quant,1188_QuantizeInput,"(1, 256, 28, 28)"
1188_Conv_131_QuantizeLinear,1188_quantized,"(1, 256, 28, 28)"
1188_Conv_133_DequantizeLinear,1188_Conv_133_dequantized,"(1, 256, 28, 28)"
Conv_133_quant,1191_QuantizeInput,"(1, 256, 28, 28)"
1191_Conv_133_QuantizeLinear,1191_quantized,"(1, 256, 28, 28)"
1191_Conv_135_DequantizeLinear,1191_Conv_135_dequantized,"(1, 256, 28, 28)"
Conv_135_quant,1194_QuantizeInput,"(1, 1024, 28, 28)"
1194_Conv_135_QuantizeLinear,1194_quantized,"(1, 1024, 28, 28)"
1194_Conv_135_DequantizeLinear,1194,"(1, 1024, 28, 28)"
Add_136,835,"(1, 1024, 28, 28)"
Relu_137,836,"(1, 1024, 28, 28)"
836_Conv_138_QuantizeLinear,836_Conv_138_QuantizeLinear,"(1, 1024, 28, 28)"
836_Conv_138_DequantizeLinear,836_Conv_138_dequantized,"(1, 1024, 28, 28)"
Conv_138_quant,1197_QuantizeInput,"(1, 256, 28, 28)"
1197_Conv_138_QuantizeLinear,1197_quantized,"(1, 256, 28, 28)"
1197_Conv_140_DequantizeLinear,1197_Conv_140_dequantized,"(1, 256, 28, 28)"
Conv_140_quant,1200_QuantizeInput,"(1, 256, 28, 28)"
1200_Conv_140_QuantizeLinear,1200_quantized,"(1, 256, 28, 28)"
1200_Conv_142_DequantizeLinear,1200_Conv_142_dequantized,"(1, 256, 28, 28)"
Conv_142_quant,1203_QuantizeInput,"(1, 1024, 28, 28)"
1203_Conv_142_QuantizeLinear,1203_quantized,"(1, 1024, 28, 28)"
1203_Conv_142_DequantizeLinear,1203,"(1, 1024, 28, 28)"
Add_143,845,"(1, 1024, 28, 28)"
Relu_144,846,"(1, 1024, 28, 28)"
846_Conv_145_QuantizeLinear,846_Conv_145_QuantizeLinear,"(1, 1024, 28, 28)"
846_Conv_145_DequantizeLinear,846_Conv_145_dequantized,"(1, 1024, 28, 28)"
Conv_145_quant,1206_QuantizeInput,"(1, 256, 28, 28)"
1206_Conv_145_QuantizeLinear,1206_quantized,"(1, 256, 28, 28)"
1206_Conv_147_DequantizeLinear,1206_Conv_147_dequantized,"(1, 256, 28, 28)"
Conv_147_quant,1209_QuantizeInput,"(1, 256, 28, 28)"
1209_Conv_147_QuantizeLinear,1209_quantized,"(1, 256, 28, 28)"
1209_Conv_149_DequantizeLinear,1209_Conv_149_dequantized,"(1, 256, 28, 28)"
Conv_149_quant,1212_QuantizeInput,"(1, 1024, 28, 28)"
1212_Conv_149_QuantizeLinear,1212_quantized,"(1, 1024, 28, 28)"
1212_Conv_149_DequantizeLinear,1212,"(1, 1024, 28, 28)"
Add_150,855,"(1, 1024, 28, 28)"
Relu_151,856,"(1, 1024, 28, 28)"
856_Conv_152_QuantizeLinear,856_Conv_152_QuantizeLinear,"(1, 1024, 28, 28)"
856_Conv_152_DequantizeLinear,856_Conv_152_dequantized,"(1, 1024, 28, 28)"
Conv_152_quant,1215_QuantizeInput,"(1, 256, 28, 28)"
1215_Conv_152_QuantizeLinear,1215_quantized,"(1, 256, 28, 28)"
1215_Conv_154_DequantizeLinear,1215_Conv_154_dequantized,"(1, 256, 28, 28)"
Conv_154_quant,1218_QuantizeInput,"(1, 256, 28, 28)"
1218_Conv_154_QuantizeLinear,1218_quantized,"(1, 256, 28, 28)"
1218_Conv_156_DequantizeLinear,1218_Conv_156_dequantized,"(1, 256, 28, 28)"
Conv_156_quant,1221_QuantizeInput,"(1, 1024, 28, 28)"
1221_Conv_156_QuantizeLinear,1221_quantized,"(1, 1024, 28, 28)"
1221_Conv_156_DequantizeLinear,1221,"(1, 1024, 28, 28)"
Add_157,865,"(1, 1024, 28, 28)"
Relu_158,866,"(1, 1024, 28, 28)"
866_Conv_159_QuantizeLinear,866_Conv_159_QuantizeLinear,"(1, 1024, 28, 28)"
866_Conv_159_DequantizeLinear,866_Conv_159_dequantized,"(1, 1024, 28, 28)"
Conv_159_quant,1224_QuantizeInput,"(1, 256, 28, 28)"
1224_Conv_159_QuantizeLinear,1224_quantized,"(1, 256, 28, 28)"
1224_Conv_161_DequantizeLinear,1224_Conv_161_dequantized,"(1, 256, 28, 28)"
Conv_161_quant,1227_QuantizeInput,"(1, 256, 28, 28)"
1227_Conv_161_QuantizeLinear,1227_quantized,"(1, 256, 28, 28)"
1227_Conv_163_DequantizeLinear,1227_Conv_163_dequantized,"(1, 256, 28, 28)"
Conv_163_quant,1230_QuantizeInput,"(1, 1024, 28, 28)"
1230_Conv_163_QuantizeLinear,1230_quantized,"(1, 1024, 28, 28)"
1230_Conv_163_DequantizeLinear,1230,"(1, 1024, 28, 28)"
Add_164,875,"(1, 1024, 28, 28)"
Relu_165,876,"(1, 1024, 28, 28)"
876_Conv_166_QuantizeLinear,876_Conv_166_QuantizeLinear,"(1, 1024, 28, 28)"
876_Conv_166_DequantizeLinear,876_Conv_166_dequantized,"(1, 1024, 28, 28)"
Conv_166_quant,1233_QuantizeInput,"(1, 256, 28, 28)"
1233_Conv_166_QuantizeLinear,1233_quantized,"(1, 256, 28, 28)"
1233_Conv_168_DequantizeLinear,1233_Conv_168_dequantized,"(1, 256, 28, 28)"
Conv_168_quant,1236_QuantizeInput,"(1, 256, 28, 28)"
1236_Conv_168_QuantizeLinear,1236_quantized,"(1, 256, 28, 28)"
1236_Conv_170_DequantizeLinear,1236_Conv_170_dequantized,"(1, 256, 28, 28)"
Conv_170_quant,1239_QuantizeInput,"(1, 1024, 28, 28)"
1239_Conv_170_QuantizeLinear,1239_quantized,"(1, 1024, 28, 28)"
1239_Conv_170_DequantizeLinear,1239,"(1, 1024, 28, 28)"
Add_171,885,"(1, 1024, 28, 28)"
Relu_172,886,"(1, 1024, 28, 28)"
886_Conv_173_QuantizeLinear,886_Conv_173_QuantizeLinear,"(1, 1024, 28, 28)"
886_Conv_173_DequantizeLinear,886_Conv_173_dequantized,"(1, 1024, 28, 28)"
Conv_173_quant,1242_QuantizeInput,"(1, 256, 28, 28)"
1242_Conv_173_QuantizeLinear,1242_quantized,"(1, 256, 28, 28)"
1242_Conv_175_DequantizeLinear,1242_Conv_175_dequantized,"(1, 256, 28, 28)"
Conv_175_quant,1245_QuantizeInput,"(1, 256, 28, 28)"
1245_Conv_175_QuantizeLinear,1245_quantized,"(1, 256, 28, 28)"
1245_Conv_177_DequantizeLinear,1245_Conv_177_dequantized,"(1, 256, 28, 28)"
Conv_177_quant,1248_QuantizeInput,"(1, 1024, 28, 28)"
1248_Conv_177_QuantizeLinear,1248_quantized,"(1, 1024, 28, 28)"
1248_Conv_177_DequantizeLinear,1248,"(1, 1024, 28, 28)"
Add_178,895,"(1, 1024, 28, 28)"
Relu_179,896,"(1, 1024, 28, 28)"
896_Conv_180_QuantizeLinear,896_Conv_180_QuantizeLinear,"(1, 1024, 28, 28)"
896_Conv_180_DequantizeLinear,896_Conv_180_dequantized,"(1, 1024, 28, 28)"
Conv_180_quant,1251_QuantizeInput,"(1, 256, 28, 28)"
1251_Conv_180_QuantizeLinear,1251_quantized,"(1, 256, 28, 28)"
1251_Conv_182_DequantizeLinear,1251_Conv_182_dequantized,"(1, 256, 28, 28)"
Conv_182_quant,1254_QuantizeInput,"(1, 256, 28, 28)"
1254_Conv_182_QuantizeLinear,1254_quantized,"(1, 256, 28, 28)"
1254_Conv_184_DequantizeLinear,1254_Conv_184_dequantized,"(1, 256, 28, 28)"
Conv_184_quant,1257_QuantizeInput,"(1, 1024, 28, 28)"
1257_Conv_184_QuantizeLinear,1257_quantized,"(1, 1024, 28, 28)"
1257_Conv_184_DequantizeLinear,1257,"(1, 1024, 28, 28)"
Add_185,905,"(1, 1024, 28, 28)"
Relu_186,906,"(1, 1024, 28, 28)"
906_Conv_187_QuantizeLinear,906_Conv_187_QuantizeLinear,"(1, 1024, 28, 28)"
906_Conv_187_DequantizeLinear,906_Conv_187_dequantized,"(1, 1024, 28, 28)"
Conv_187_quant,1260_QuantizeInput,"(1, 256, 28, 28)"
1260_Conv_187_QuantizeLinear,1260_quantized,"(1, 256, 28, 28)"
1260_Conv_189_DequantizeLinear,1260_Conv_189_dequantized,"(1, 256, 28, 28)"
Conv_189_quant,1263_QuantizeInput,"(1, 256, 28, 28)"
1263_Conv_189_QuantizeLinear,1263_quantized,"(1, 256, 28, 28)"
1263_Conv_191_DequantizeLinear,1263_Conv_191_dequantized,"(1, 256, 28, 28)"
Conv_191_quant,1266_QuantizeInput,"(1, 1024, 28, 28)"
1266_Conv_191_QuantizeLinear,1266_quantized,"(1, 1024, 28, 28)"
1266_Conv_191_DequantizeLinear,1266,"(1, 1024, 28, 28)"
Add_192,915,"(1, 1024, 28, 28)"
Relu_193,916,"(1, 1024, 28, 28)"
916_Conv_194_QuantizeLinear,916_Conv_194_QuantizeLinear,"(1, 1024, 28, 28)"
916_Conv_194_DequantizeLinear,916_Conv_194_dequantized,"(1, 1024, 28, 28)"
Conv_194_quant,1269_QuantizeInput,"(1, 256, 28, 28)"
1269_Conv_194_QuantizeLinear,1269_quantized,"(1, 256, 28, 28)"
1269_Conv_196_DequantizeLinear,1269_Conv_196_dequantized,"(1, 256, 28, 28)"
Conv_196_quant,1272_QuantizeInput,"(1, 256, 28, 28)"
1272_Conv_196_QuantizeLinear,1272_quantized,"(1, 256, 28, 28)"
1272_Conv_198_DequantizeLinear,1272_Conv_198_dequantized,"(1, 256, 28, 28)"
Conv_198_quant,1275_QuantizeInput,"(1, 1024, 28, 28)"
1275_Conv_198_QuantizeLinear,1275_quantized,"(1, 1024, 28, 28)"
1275_Conv_198_DequantizeLinear,1275,"(1, 1024, 28, 28)"
Add_199,925,"(1, 1024, 28, 28)"
Relu_200,926,"(1, 1024, 28, 28)"
926_Conv_201_QuantizeLinear,926_Conv_201_QuantizeLinear,"(1, 1024, 28, 28)"
926_Conv_201_DequantizeLinear,926_Conv_201_dequantized,"(1, 1024, 28, 28)"
Conv_201_quant,1278_QuantizeInput,"(1, 256, 28, 28)"
1278_Conv_201_QuantizeLinear,1278_quantized,"(1, 256, 28, 28)"
1278_Conv_203_DequantizeLinear,1278_Conv_203_dequantized,"(1, 256, 28, 28)"
Conv_203_quant,1281_QuantizeInput,"(1, 256, 28, 28)"
1281_Conv_203_QuantizeLinear,1281_quantized,"(1, 256, 28, 28)"
1281_Conv_205_DequantizeLinear,1281_Conv_205_dequantized,"(1, 256, 28, 28)"
Conv_205_quant,1284_QuantizeInput,"(1, 1024, 28, 28)"
1284_Conv_205_QuantizeLinear,1284_quantized,"(1, 1024, 28, 28)"
1284_Conv_205_DequantizeLinear,1284,"(1, 1024, 28, 28)"
Add_206,935,"(1, 1024, 28, 28)"
Relu_207,936,"(1, 1024, 28, 28)"
936_Conv_208_QuantizeLinear,936_Conv_208_QuantizeLinear,"(1, 1024, 28, 28)"
936_Conv_208_DequantizeLinear,936_Conv_208_dequantized,"(1, 1024, 28, 28)"
Conv_208_quant,1287_QuantizeInput,"(1, 256, 28, 28)"
1287_Conv_208_QuantizeLinear,1287_quantized,"(1, 256, 28, 28)"
1287_Conv_210_DequantizeLinear,1287_Conv_210_dequantized,"(1, 256, 28, 28)"
Conv_210_quant,1290_QuantizeInput,"(1, 256, 28, 28)"
1290_Conv_210_QuantizeLinear,1290_quantized,"(1, 256, 28, 28)"
1290_Conv_212_DequantizeLinear,1290_Conv_212_dequantized,"(1, 256, 28, 28)"
Conv_212_quant,1293_QuantizeInput,"(1, 1024, 28, 28)"
1293_Conv_212_QuantizeLinear,1293_quantized,"(1, 1024, 28, 28)"
1293_Conv_212_DequantizeLinear,1293,"(1, 1024, 28, 28)"
Add_213,945,"(1, 1024, 28, 28)"
Relu_214,946,"(1, 1024, 28, 28)"
946_Conv_215_QuantizeLinear,946_Conv_215_QuantizeLinear,"(1, 1024, 28, 28)"
946_Conv_215_DequantizeLinear,946_Conv_215_dequantized,"(1, 1024, 28, 28)"
Conv_215_quant,1296_QuantizeInput,"(1, 256, 28, 28)"
1296_Conv_215_QuantizeLinear,1296_quantized,"(1, 256, 28, 28)"
1296_Conv_217_DequantizeLinear,1296_Conv_217_dequantized,"(1, 256, 28, 28)"
Conv_217_quant,1299_QuantizeInput,"(1, 256, 28, 28)"
1299_Conv_217_QuantizeLinear,1299_quantized,"(1, 256, 28, 28)"
1299_Conv_219_DequantizeLinear,1299_Conv_219_dequantized,"(1, 256, 28, 28)"
Conv_219_quant,1302_QuantizeInput,"(1, 1024, 28, 28)"
1302_Conv_219_QuantizeLinear,1302_quantized,"(1, 1024, 28, 28)"
1302_Conv_219_DequantizeLinear,1302,"(1, 1024, 28, 28)"
Add_220,955,"(1, 1024, 28, 28)"
Relu_221,956,"(1, 1024, 28, 28)"
956_Conv_227_QuantizeLinear,956_Conv_227_QuantizeLinear,"(1, 1024, 28, 28)"
956_Conv_227_DequantizeLinear,956_Conv_227_dequantized,"(1, 1024, 28, 28)"
Conv_227_quant,1314_QuantizeInput,"(1, 2048, 28, 28)"
Conv_222_quant,1305_QuantizeInput,"(1, 512, 28, 28)"
1314_Conv_227_QuantizeLinear,1314_quantized,"(1, 2048, 28, 28)"
1305_Conv_222_QuantizeLinear,1305_quantized,"(1, 512, 28, 28)"
1314_Conv_227_DequantizeLinear,1314,"(1, 2048, 28, 28)"
1305_Conv_224_DequantizeLinear,1305_Conv_224_dequantized,"(1, 512, 28, 28)"
Conv_224_quant,1308_QuantizeInput,"(1, 512, 28, 28)"
1308_Conv_224_QuantizeLinear,1308_quantized,"(1, 512, 28, 28)"
1308_Conv_226_DequantizeLinear,1308_Conv_226_dequantized,"(1, 512, 28, 28)"
Conv_226_quant,1311_QuantizeInput,"(1, 2048, 28, 28)"
1311_Conv_226_QuantizeLinear,1311_quantized,"(1, 2048, 28, 28)"
1311_Conv_226_DequantizeLinear,1311,"(1, 2048, 28, 28)"
Add_228,967,"(1, 2048, 28, 28)"
Relu_229,968,"(1, 2048, 28, 28)"
968_Conv_230_QuantizeLinear,968_Conv_230_QuantizeLinear,"(1, 2048, 28, 28)"
968_Conv_230_DequantizeLinear,968_Conv_230_dequantized,"(1, 2048, 28, 28)"
Conv_230_quant,1317_QuantizeInput,"(1, 512, 28, 28)"
1317_Conv_230_QuantizeLinear,1317_quantized,"(1, 512, 28, 28)"
1317_Conv_232_DequantizeLinear,1317_Conv_232_dequantized,"(1, 512, 28, 28)"
Conv_232_quant,1320_QuantizeInput,"(1, 512, 28, 28)"
1320_Conv_232_QuantizeLinear,1320_quantized,"(1, 512, 28, 28)"
1320_Conv_234_DequantizeLinear,1320_Conv_234_dequantized,"(1, 512, 28, 28)"
Conv_234_quant,1323_QuantizeInput,"(1, 2048, 28, 28)"
1323_Conv_234_QuantizeLinear,1323_quantized,"(1, 2048, 28, 28)"
1323_Conv_234_DequantizeLinear,1323,"(1, 2048, 28, 28)"
Add_235,977,"(1, 2048, 28, 28)"
Relu_236,978,"(1, 2048, 28, 28)"
978_Conv_237_QuantizeLinear,978_Conv_237_QuantizeLinear,"(1, 2048, 28, 28)"
978_Conv_237_DequantizeLinear,978_Conv_237_dequantized,"(1, 2048, 28, 28)"
Conv_237_quant,1326_QuantizeInput,"(1, 512, 28, 28)"
1326_Conv_237_QuantizeLinear,1326_quantized,"(1, 512, 28, 28)"
1326_Conv_239_DequantizeLinear,1326_Conv_239_dequantized,"(1, 512, 28, 28)"
Conv_239_quant,1329_QuantizeInput,"(1, 512, 28, 28)"
1329_Conv_239_QuantizeLinear,1329_quantized,"(1, 512, 28, 28)"
1329_Conv_241_DequantizeLinear,1329_Conv_241_dequantized,"(1, 512, 28, 28)"
Conv_241_quant,1332_QuantizeInput,"(1, 2048, 28, 28)"
1332_Conv_241_QuantizeLinear,1332_quantized,"(1, 2048, 28, 28)"
1332_Conv_241_DequantizeLinear,1332,"(1, 2048, 28, 28)"
Add_242,987,"(1, 2048, 28, 28)"
Relu_243,988,"(1, 2048, 28, 28)"
988_Conv_244_QuantizeLinear,988_Conv_244_QuantizeLinear,"(1, 2048, 28, 28)"
988_Conv_244_DequantizeLinear,988_Conv_244_dequantized,"(1, 2048, 28, 28)"
Conv_244_quant,1335_QuantizeInput,"(1, 512, 28, 28)"
1335_Conv_244_QuantizeLinear,1335_quantized,"(1, 512, 28, 28)"
1335_Conv_246_DequantizeLinear,1335_Conv_246_dequantized,"(1, 512, 28, 28)"
Conv_246_quant,992_QuantizeInput,"(1, 21, 28, 28)"
992_Conv_246_QuantizeLinear,992_quantized,"(1, 21, 28, 28)"
992_Conv_246_DequantizeLinear,992,"(1, 21, 28, 28)"
Shape_251,997,"(4,)"
Slice_255,1001,"(2,)"
Concat_257,1003,"(4,)"
Resize_259_quant,out_QuantizeInput,"(1, 21, 224, 224)"
out_Resize_259_QuantizeLinear,out_quantized,"(1, 21, 224, 224)"
out_Resize_259_DequantizeLinear,out,"(1, 21, 224, 224)"
